<?xml version="1.0" encoding="UTF-8" ?>
<!DOCTYPE mapper
	PUBLIC "-//mybatis.org//DTD Mapper 3.0//EN"
	"http://mybatis.org/dtd/mybatis-3-mapper.dtd">
<!-- namespace는 패키지 명 -->
<mapper namespace="mapper.fpm">

	<!-- - 관리자, 작업자 - 재고관리 페이지 리스트 -->
	<select id="selectfpm1" resultType="FpmDTO"
		parameterType="FpmDTO">

		select * from oneLine order by dayNum asc

	</select>
	<select id="selectfpm2" resultType="FpmDTO"
		parameterType="FpmDTO">

		select * from twoLine order by dayNum asc

	</select>
	<select id="selectfpm3" resultType="FpmDTO"
		parameterType="FpmDTO">

		select * from threeLine order by dayNum asc

	</select>
	<select id="selectfpm4" resultType="FpmDTO"
		parameterType="FpmDTO">

		select * from fourLine order by dayNum asc

	</select>


	<select id="monthSelect1" resultType="FpmDTO"
		parameterType="FpmDTO">

		select * from oneLineMonth order by monthNum asc

	</select>
	<select id="monthSelect2" resultType="FpmDTO"
		parameterType="FpmDTO">

		select * from twoLineMonth order by monthNum asc

	</select>
	<select id="monthSelect3" resultType="FpmDTO"
		parameterType="FpmDTO">

		select * from threeLineMonth order by monthNum asc

	</select>
	<select id="monthSelect4" resultType="FpmDTO"
		parameterType="FpmDTO">

		select * from fourLineMonth order by monthNum asc

	</select>


	<select id="monthSalsList1" resultType="FpmDTO"
		parameterType="FpmDTO">

		select * from oneLineSalsMonth order by monthNum asc

	</select>
	<select id="monthSalsList2" resultType="FpmDTO"
		parameterType="FpmDTO">

		select * from twoLineSalsMonth order by monthNum asc

	</select>
	<select id="monthSalsList3" resultType="FpmDTO"
		parameterType="FpmDTO">

		select * from threeLineSalsMonth order by monthNum asc

	</select>
	<select id="monthSalsList4" resultType="FpmDTO"
		parameterType="FpmDTO">

		select * from oneLineSalsMonth order by monthNum asc

	</select>




</mapper>