<?xml version="1.0" encoding="UTF-8" ?>
<!DOCTYPE configuration
	PUBLIC "-//mybatis.org//DTD Config 3.0//EN"
	"http://mybatis.org/dtd/mybatis-3-config.dtd">
<configuration>

	<!-- <settings> -->
	<!-- <setting name="jdbcTypeForNull" value="NULL" /> -->
	<!-- </settings> -->

	<!-- 태그 순서 바뀌면 에러 -> typeAliases > environments > mappers -->
	<typeAliases>
		<typeAlias type="com.project.board.dto.BoardDTO"
			alias="boardDTO" />
		<typeAlias type="com.mes.project.jjh.dto.Ss_DTO" alias="ssDTO" />
		<typeAlias type="com.mes.project.jjh.dto.Sr_DTO" alias="srDTO" />
		<typeAlias type="com.mes.project.jjh.dto.Rodi_DTO" alias="RodiDTO" />
		<typeAlias type="com.mes.project.jjh.dto.Fpm_DTO" alias="FpmDTO" />
	</typeAliases>


</configuration>