<?xml version="1.0" encoding="UTF-8"?>
<!DOCTYPE log4j:configuration PUBLIC "-//APACHE//DTD LOG4J 1.2//EN" "https://logging.apache.org/log4j/1.2/apidocs/org/apache/log4j/xml/doc-files/log4j.dtd">
<log4j:configuration
	xmlns:log4j="http://jakarta.apache.org/log4j/">

	<!-- Appenders -->
	<appender name="console"
		class="org.apache.log4j.ConsoleAppender">
		<param name="Target" value="System.out" />
		<layout class="org.apache.log4j.PatternLayout">
			<param name="ConversionPattern"
				value="[%-5p]:[%d %5p [%c(%L)] %m%n" />
		</layout>
	</appender>

	<appender name="daily"
		class="org.apache.log4j.DailyRollingFileAppender">
		<param name="file" value="C:/temp_file/log/final.log" />
		<param name="Append" value="true" />
		<param name="DatePattern" value="'.'yyMMdd" />
		<layout class="org.apache.log4j.PatternLayout">
			<param name="ConversionPattern"
				value="[%-5p]:[%d{yy-MM-dd HH:mm:ss}][%c(%L)] - %m%n" />
		</layout>
	</appender>

	<!-- Application Loggers -->
	<logger name="com.ktw.staff">
		<level value="debug" />
		<appender-ref ref="daily"/>
	</logger>
	
	<logger name="jdbc.sqlonly" additivity="false">
		<level value="INFO" />
		<appender-ref ref="console" />
	</logger>

	<logger name="jdbc.resultsettable" additivity="false">
		<level value="INFO" />
		<appender-ref ref="console" />
	</logger>

	<!-- 3rdparty Loggers -->
	<logger name="org.springframework.core">
		<level value="info" />
	</logger>

	<logger name="org.springframework.beans">
		<level value="info" />
	</logger>

	<logger name="org.springframework.context">
		<level value="info" />
	</logger>

	<logger name="org.springframework.web">
		<level value="info" />
	</logger>

	<!-- Root Logger -->
	<root>
		<priority value="warn" />
		<appender-ref ref="console" />
	</root>

</log4j:configuration>
